Salesman,Product,Category,City,Sales_Amount_Rp,Sales_Date
Kiki,Stella Jeruk,Air Fresheners,Medan,1544187,01-01-23
Budi,Stella Sakura,Air Fresheners,Makassar,4924386,01-01-23
Kiki,Stella Sakura,Air Fresheners,Semarang,2263643,01-01-23
Eka,Stella Sakura,Air Fresheners,Tangerang,2799957,01-01-23
Oki,Biosol Disinfectant,Home Care,Makassar,1475652,01-01-23
Lia,Mitu Baby Wipes,Personal Care,Makassar,4909979,01-01-23
Budi,21 HIT Anti Fly Spray,Pest Control,Semarang,4210423,01-01-23
Indra,Biosol Disinfectant,Home Care,Surabaya,3394322,01-01-23
Gita,Cap Gajah Chalk,Pest Control,Medan,536569,01-01-23
Ahmad,Mitu Baby Soap,Personal Care,Palembang,2444252,01-01-23
Ahmad,Mitu Baby Soap,Personal Care,Bekasi,4747251,01-01-23
Fajar,Stella Jeruk,Air Fresheners,Jakarta,2552092,01-01-23
Gita,Stella Sakura,Air Fresheners,Tangerang,1312857,01-01-23
Fajar,Biosol Disinfectant,Home Care,Surabaya,3559723,01-01-23
Gita,Mitu Baby Soap,Personal Care,Bandung,3323247,01-01-23
Fajar,Stella Jeruk,Air Fresheners,Makassar,4810064,01-01-23
Indra,21 HIT Anti Fly Spray,Pest Control,Bekasi,653377,01-01-23
Ahmad,21 HIT Anti Fly Spray,Pest Control,Jakarta,856561,01-01-23
Ahmad,Stella Sakura,Air Fresheners,Medan,191237,01-01-23
Budi,Mitu Baby Wipes,Personal Care,Bandung,1571122,01-01-23
Oki,Mitu Baby Soap,Personal Care,Depok,404142,01-01-23
Kiki,Cap Gajah Chalk,Pest Control,Palembang,2811126,01-01-23
Fajar,21 HIT Anti Fly Spray,Pest Control,Makassar,3977885,01-01-23
Hadi,21 HIT Anti Fly Spray,Pest Control,Palembang,3389686,01-01-23
Chandra,21 HIT Anti Fly Spray,Pest Control,Palembang,2901319,01-02-23
Lia,Stella Jeruk,Air Fresheners,Semarang,4096622,01-02-23
Lia,21 HIT Anti Mosquito Spray,Pest Control,Surabaya,1746245,01-02-23
Nina,Cap Gajah Chalk,Pest Control,Bandung,3554142,01-02-23
Nina,21 HIT Anti Mosquito Spray,Pest Control,Palembang,4548573,01-02-23
Fajar,Stella Jeruk,Air Fresheners,Tangerang,3801653,01-02-23
Lia,Biosol Disinfectant,Home Care,Bandung,1485463,01-02-23
Ahmad,Stella Jeruk,Air Fresheners,Bandung,1165295,01-02-23
Hadi,Mitu Baby Wipes,Personal Care,Bekasi,4996405,01-02-23
Oki,Mitu Baby Wipes,Personal Care,Makassar,566559,01-02-23
Joko,Cap Gajah Chalk,Pest Control,Depok,406945,01-02-23
Chandra,Mitu Baby Soap,Personal Care,Semarang,1746009,01-02-23
Lia,Biosol Disinfectant,Home Care,Jakarta,2308710,01-02-23
Nina,21 HIT Anti Fly Spray,Pest Control,Palembang,2113271,01-02-23
Indra,Stella Jeruk,Air Fresheners,Semarang,2839617,01-02-23
Kiki,Stella Sakura,Air Fresheners,Bandung,4204305,01-02-23
Indra,21 HIT Anti Fly Spray,Pest Control,Palembang,4826737,01-02-23
Fajar,Mitu Baby Wipes,Personal Care,Tangerang,4104249,01-02-23
Eka,Mitu Baby Soap,Personal Care,Bandung,2396699,01-02-23
Gita,Stella Jeruk,Air Fresheners,Medan,4520309,01-02-23
Oki,21 HIT Anti Mosquito Spray,Pest Control,Semarang,2839231,01-02-23
Dewi,Stella Sakura,Air Fresheners,Bandung,4674653,01-02-23
Eka,Stella Sakura,Air Fresheners,Jakarta,700771,01-02-23
Ahmad,Stella Jeruk,Air Fresheners,Depok,509775,01-02-23
Joko,Cap Gajah Chalk,Pest Control,Bekasi,1489303,01-03-23
Eka,Mitu Baby Soap,Personal Care,Surabaya,3254816,01-03-23
Indra,21 HIT Anti Fly Spray,Pest Control,Jakarta,3914855,01-03-23
Hadi,Mitu Baby Wipes,Personal Care,Tangerang,2940269,01-03-23
Indra,Biosol Disinfectant,Home Care,Bekasi,3999190,01-03-23
Dewi,21 HIT Anti Mosquito Spray,Pest Control,Semarang,3436371,01-03-23
Gita,Cap Gajah Chalk,Pest Control,Makassar,4846168,01-03-23
Lia,21 HIT Anti Mosquito Spray,Pest Control,Makassar,3770708,01-03-23
Hadi,Stella Jeruk,Air Fresheners,Medan,1331448,01-03-23
Nina,Mitu Baby Wipes,Personal Care,Semarang,2401161,01-03-23
Eka,Mitu Baby Soap,Personal Care,Depok,2551564,01-03-23
Budi,Mitu Baby Soap,Personal Care,Palembang,1178213,01-03-23
Nina,Stella Sakura,Air Fresheners,Makassar,2158350,01-03-23
Lia,Stella Jeruk,Air Fresheners,Medan,3623169,01-03-23
Lia,Mitu Baby Wipes,Personal Care,Medan,3371148,01-03-23
Dewi,Mitu Baby Wipes,Personal Care,Tangerang,4107416,01-03-23
Kiki,Mitu Baby Wipes,Personal Care,Makassar,1887506,01-03-23
Lia,Mitu Baby Soap,Personal Care,Jakarta,4830018,01-03-23
Dewi,Stella Jeruk,Air Fresheners,Bandung,3071042,01-03-23
Ahmad,21 HIT Anti Fly Spray,Pest Control,Surabaya,4541598,01-03-23
Nina,21 HIT Anti Fly Spray,Pest Control,Bandung,2527877,01-03-23
Made,Stella Sakura,Air Fresheners,Jakarta,3574225,01-03-23
Eka,Stella Jeruk,Air Fresheners,Semarang,2553283,01-03-23
Fajar,Stella Jeruk,Air Fresheners,Jakarta,4244404,01-03-23
Eka,21 HIT Anti Mosquito Spray,Pest Control,Palembang,989838,01-04-23
Hadi,Cap Gajah Chalk,Pest Control,Bekasi,4750594,01-04-23
Kiki,21 HIT Anti Fly Spray,Pest Control,Depok,4024225,01-04-23
Dewi,Cap Gajah Chalk,Pest Control,Bandung,1376299,01-04-23
Ahmad,Biosol Disinfectant,Home Care,Makassar,3418413,01-04-23
Gita,Stella Jeruk,Air Fresheners,Makassar,4668239,01-04-23
Oki,Cap Gajah Chalk,Pest Control,Depok,962407,01-04-23
Kiki,Mitu Baby Wipes,Personal Care,Depok,882778,01-04-23
Ahmad,21 HIT Anti Mosquito Spray,Pest Control,Medan,3418814,01-04-23
Fajar,Biosol Disinfectant,Home Care,Jakarta,4435503,01-04-23
Oki,Cap Gajah Chalk,Pest Control,Bekasi,4006228,01-04-23
Indra,Mitu Baby Soap,Personal Care,Jakarta,3543320,01-04-23
Dewi,Mitu Baby Wipes,Personal Care,Palembang,715583,01-04-23
Gita,Biosol Disinfectant,Home Care,Makassar,807736,01-04-23
Indra,Biosol Disinfectant,Home Care,Jakarta,2543015,01-04-23
Dewi,Stella Sakura,Air Fresheners,Palembang,1053428,01-04-23
Fajar,21 HIT Anti Fly Spray,Pest Control,Jakarta,1380741,01-04-23
Joko,Stella Jeruk,Air Fresheners,Bekasi,3691533,01-04-23
Nina,Stella Jeruk,Air Fresheners,Tangerang,4508292,01-04-23
Fajar,Mitu Baby Soap,Personal Care,Depok,4457851,01-04-23
Gita,Cap Gajah Chalk,Pest Control,Palembang,4584595,01-04-23
Indra,Mitu Baby Soap,Personal Care,Depok,270468,01-04-23
Chandra,Mitu Baby Soap,Personal Care,Tangerang,1908653,01-04-23
Nina,Stella Sakura,Air Fresheners,Makassar,4386256,01-04-23
Lia,Stella Jeruk,Air Fresheners,Bandung,565386,01-05-23
Budi,Cap Gajah Chalk,Pest Control,Jakarta,222401,01-05-23
Chandra,Stella Sakura,Air Fresheners,Bandung,1578907,01-05-23
Lia,21 HIT Anti Mosquito Spray,Pest Control,Bekasi,3898061,01-05-23
Kiki,Mitu Baby Soap,Personal Care,Makassar,1951889,01-05-23
Joko,Stella Jeruk,Air Fresheners,Bandung,1773761,01-05-23
Nina,Mitu Baby Wipes,Personal Care,Makassar,4615458,01-05-23
Joko,21 HIT Anti Fly Spray,Pest Control,Semarang,905901,01-05-23
Kiki,Stella Sakura,Air Fresheners,Surabaya,4208759,01-05-23
Hadi,Mitu Baby Soap,Personal Care,Makassar,3202408,01-05-23
Eka,21 HIT Anti Mosquito Spray,Pest Control,Surabaya,4880644,01-05-23
Joko,Mitu Baby Wipes,Personal Care,Bandung,4022822,01-05-23
Nina,Cap Gajah Chalk,Pest Control,Makassar,1607338,01-05-23
Chandra,21 HIT Anti Mosquito Spray,Pest Control,Semarang,1927470,01-05-23
Hadi,Mitu Baby Soap,Personal Care,Bandung,3884584,01-05-23
Dewi,21 HIT Anti Fly Spray,Pest Control,Medan,3681938,01-05-23
Fajar,Mitu Baby Wipes,Personal Care,Depok,1503151,01-05-23
Eka,21 HIT Anti Fly Spray,Pest Control,Palembang,2326614,01-05-23
Eka,Biosol Disinfectant,Home Care,Bandung,744130,01-05-23
Hadi,Stella Jeruk,Air Fresheners,Depok,3936062,01-05-23
Nina,21 HIT Anti Mosquito Spray,Pest Control,Palembang,4576295,01-05-23
Oki,Mitu Baby Wipes,Personal Care,Semarang,2722767,01-05-23
Kiki,Mitu Baby Wipes,Personal Care,Surabaya,2374613,01-05-23
Hadi,21 HIT Anti Mosquito Spray,Pest Control,Bandung,362774,01-05-23
Hadi,Mitu Baby Soap,Personal Care,Medan,4757581,01-06-23
Chandra,Cap Gajah Chalk,Pest Control,Makassar,1871850,01-06-23
Gita,Stella Jeruk,Air Fresheners,Medan,4749951,01-06-23
Kiki,Mitu Baby Wipes,Personal Care,Makassar,3922094,01-06-23
Dewi,Cap Gajah Chalk,Pest Control,Palembang,3196743,01-06-23
Eka,Mitu Baby Soap,Personal Care,Bandung,1922823,01-06-23
Made,Biosol Disinfectant,Home Care,Depok,3939697,01-06-23
Dewi,Mitu Baby Wipes,Personal Care,Palembang,4129368,01-06-23
Fajar,21 HIT Anti Mosquito Spray,Pest Control,Surabaya,4179228,01-06-23
Hadi,Mitu Baby Soap,Personal Care,Makassar,2112540,01-06-23
Joko,21 HIT Anti Mosquito Spray,Pest Control,Bandung,3061890,01-06-23
Indra,Mitu Baby Soap,Personal Care,Surabaya,857457,01-06-23
Budi,Mitu Baby Soap,Personal Care,Tangerang,1268504,01-06-23
Lia,Biosol Disinfectant,Home Care,Palembang,733875,01-06-23
Oki,Mitu Baby Wipes,Personal Care,Jakarta,2587028,01-06-23
Budi,Mitu Baby Soap,Personal Care,Bekasi,1226659,01-06-23
Oki,21 HIT Anti Mosquito Spray,Pest Control,Semarang,4179472,01-06-23
Budi,Stella Jeruk,Air Fresheners,Makassar,1092173,01-06-23
Fajar,Mitu Baby Soap,Personal Care,Bekasi,4014287,01-06-23
Dewi,Cap Gajah Chalk,Pest Control,Medan,4134474,01-06-23
Kiki,Biosol Disinfectant,Home Care,Makassar,4380392,01-06-23
Lia,Stella Jeruk,Air Fresheners,Depok,3993819,01-06-23
Ahmad,Stella Sakura,Air Fresheners,Medan,895680,01-06-23
Kiki,21 HIT Anti Mosquito Spray,Pest Control,Semarang,3275147,01-06-23
Fajar,Stella Jeruk,Air Fresheners,Semarang,1522388,01-07-23
Indra,Stella Sakura,Air Fresheners,Bandung,2104547,01-07-23
Indra,Cap Gajah Chalk,Pest Control,Makassar,4758697,01-07-23
Budi,Biosol Disinfectant,Home Care,Palembang,4570328,01-07-23
Budi,Mitu Baby Wipes,Personal Care,Bekasi,1049305,01-07-23
Ahmad,Biosol Disinfectant,Home Care,Bandung,710263,01-07-23
Eka,21 HIT Anti Fly Spray,Pest Control,Bekasi,1692307,01-07-23
Kiki,Stella Sakura,Air Fresheners,Semarang,950072,01-07-23
Fajar,21 HIT Anti Fly Spray,Pest Control,Bekasi,4230333,01-07-23
Fajar,Stella Jeruk,Air Fresheners,Jakarta,1437184,01-07-23
Hadi,Biosol Disinfectant,Home Care,Palembang,763428,01-07-23
Gita,Stella Jeruk,Air Fresheners,Bandung,4779081,01-07-23
Joko,Mitu Baby Wipes,Personal Care,Bandung,4469778,01-07-23
Joko,Biosol Disinfectant,Home Care,Semarang,3755375,01-07-23
Made,Cap Gajah Chalk,Pest Control,Medan,840347,01-07-23
Budi,Mitu Baby Wipes,Personal Care,Bandung,3084243,01-07-23
Indra,21 HIT Anti Fly Spray,Pest Control,Semarang,4101773,01-07-23
Kiki,Biosol Disinfectant,Home Care,Surabaya,3711539,01-07-23
Made,Stella Sakura,Air Fresheners,Surabaya,3032504,01-07-23
Budi,Mitu Baby Wipes,Personal Care,Depok,2347560,01-07-23
Oki,Stella Jeruk,Air Fresheners,Makassar,686618,01-07-23
Oki,Stella Sakura,Air Fresheners,Makassar,1696036,01-07-23
Fajar,Stella Sakura,Air Fresheners,Makassar,4449799,01-07-23
Oki,21 HIT Anti Fly Spray,Pest Control,Depok,1547887,01-07-23
Made,Stella Jeruk,Air Fresheners,Makassar,467786,01-08-23
Oki,Mitu Baby Wipes,Personal Care,Depok,913428,01-08-23
Nina,21 HIT Anti Fly Spray,Pest Control,Bandung,4956192,01-08-23
Budi,21 HIT Anti Mosquito Spray,Pest Control,Palembang,849824,01-08-23
Gita,Stella Sakura,Air Fresheners,Palembang,467685,01-08-23
Hadi,21 HIT Anti Fly Spray,Pest Control,Depok,4419202,01-08-23
Nina,Mitu Baby Wipes,Personal Care,Makassar,4628717,01-08-23
Oki,21 HIT Anti Mosquito Spray,Pest Control,Palembang,1490201,01-08-23
Made,Stella Sakura,Air Fresheners,Tangerang,4270113,01-08-23
Fajar,Cap Gajah Chalk,Pest Control,Jakarta,2899778,01-08-23
Ahmad,Mitu Baby Soap,Personal Care,Depok,235674,01-08-23
Nina,21 HIT Anti Fly Spray,Pest Control,Jakarta,259729,01-08-23
Gita,21 HIT Anti Fly Spray,Pest Control,Palembang,1270888,01-08-23
Gita,Cap Gajah Chalk,Pest Control,Bekasi,362750,01-08-23
Joko,Mitu Baby Soap,Personal Care,Makassar,2916108,01-08-23
Nina,21 HIT Anti Mosquito Spray,Pest Control,Jakarta,4314389,01-08-23
Indra,Mitu Baby Soap,Personal Care,Bekasi,1798693,01-08-23
Ahmad,Cap Gajah Chalk,Pest Control,Surabaya,2681834,01-08-23
Dewi,21 HIT Anti Mosquito Spray,Pest Control,Bandung,2491940,01-08-23
Made,Biosol Disinfectant,Home Care,Palembang,1941242,01-08-23
Made,21 HIT Anti Fly Spray,Pest Control,Jakarta,3653507,01-08-23
Hadi,Stella Sakura,Air Fresheners,Semarang,3595085,01-08-23
Oki,Mitu Baby Wipes,Personal Care,Jakarta,2910170,01-08-23
Indra,Stella Jeruk,Air Fresheners,Makassar,2805662,01-08-23
Nina,21 HIT Anti Fly Spray,Pest Control,Tangerang,2153941,01-09-23
Hadi,Stella Jeruk,Air Fresheners,Bekasi,3010849,01-09-23
Hadi,Stella Jeruk,Air Fresheners,Semarang,2001156,01-09-23
Nina,Biosol Disinfectant,Home Care,Semarang,1185339,01-09-23
Ahmad,Mitu Baby Soap,Personal Care,Makassar,1883960,01-09-23
Made,Biosol Disinfectant,Home Care,Depok,1363073,01-09-23
Joko,Stella Jeruk,Air Fresheners,Semarang,3176163,01-09-23
Dewi,Mitu Baby Soap,Personal Care,Tangerang,1657363,01-09-23
Gita,21 HIT Anti Fly Spray,Pest Control,Makassar,2095469,01-09-23
Indra,Biosol Disinfectant,Home Care,Palembang,3335664,01-09-23
Fajar,Biosol Disinfectant,Home Care,Makassar,4191894,01-09-23
Budi,21 HIT Anti Fly Spray,Pest Control,Tangerang,3383456,01-09-23
Fajar,Biosol Disinfectant,Home Care,Jakarta,1936020,01-09-23
Nina,Stella Sakura,Air Fresheners,Depok,2292684,01-09-23
Eka,Mitu Baby Wipes,Personal Care,Tangerang,1588638,01-09-23
Nina,Stella Jeruk,Air Fresheners,Palembang,509737,01-09-23
Dewi,Mitu Baby Soap,Personal Care,Surabaya,303109,01-09-23
Oki,Cap Gajah Chalk,Pest Control,Surabaya,1756314,01-09-23
Chandra,Stella Sakura,Air Fresheners,Semarang,4958818,01-09-23
Dewi,Cap Gajah Chalk,Pest Control,Bekasi,1070064,01-09-23
Lia,21 HIT Anti Mosquito Spray,Pest Control,Semarang,821116,01-09-23
Lia,Stella Sakura,Air Fresheners,Palembang,3028657,01-09-23
Fajar,21 HIT Anti Fly Spray,Pest Control,Surabaya,4101900,01-09-23
Lia,Biosol Disinfectant,Home Care,Jakarta,2748669,01-09-23
Lia,Biosol Disinfectant,Home Care,Medan,3439523,01-10-23
Indra,Stella Jeruk,Air Fresheners,Bandung,3070994,01-10-23
Eka,Mitu Baby Soap,Personal Care,Surabaya,993481,01-10-23
Eka,Mitu Baby Soap,Personal Care,Tangerang,1571620,01-10-23
Chandra,Cap Gajah Chalk,Pest Control,Surabaya,3712841,01-10-23
Oki,Mitu Baby Soap,Personal Care,Bekasi,1832210,01-10-23
Nina,Mitu Baby Wipes,Personal Care,Tangerang,1844053,01-10-23
Lia,Stella Sakura,Air Fresheners,Medan,4208571,01-10-23
Made,Stella Sakura,Air Fresheners,Jakarta,4449520,01-10-23
Budi,Stella Jeruk,Air Fresheners,Jakarta,3884234,01-10-23
Dewi,Stella Sakura,Air Fresheners,Medan,2182875,01-10-23
Indra,Mitu Baby Wipes,Personal Care,Bekasi,2303596,01-10-23
Chandra,21 HIT Anti Mosquito Spray,Pest Control,Bandung,1231787,01-10-23
Fajar,Stella Sakura,Air Fresheners,Makassar,3349381,01-10-23
Oki,Stella Jeruk,Air Fresheners,Depok,1342328,01-10-23
Budi,Stella Jeruk,Air Fresheners,Medan,1966305,01-10-23
Ahmad,21 HIT Anti Mosquito Spray,Pest Control,Makassar,502952,01-10-23
Dewi,Stella Sakura,Air Fresheners,Palembang,4149743,01-10-23
Chandra,Biosol Disinfectant,Home Care,Surabaya,162710,01-10-23
Hadi,21 HIT Anti Fly Spray,Pest Control,Semarang,2758066,01-10-23
Eka,Mitu Baby Soap,Personal Care,Makassar,185270,01-10-23
Eka,Stella Sakura,Air Fresheners,Depok,830020,01-10-23
Ahmad,Stella Jeruk,Air Fresheners,Bekasi,4280916,01-10-23
Nina,Stella Sakura,Air Fresheners,Palembang,4491354,01-10-23
Hadi,Mitu Baby Soap,Personal Care,Tangerang,737524,01-11-23
Gita,Stella Sakura,Air Fresheners,Jakarta,4234298,01-11-23
Dewi,21 HIT Anti Mosquito Spray,Pest Control,Palembang,114247,01-11-23
Chandra,Stella Jeruk,Air Fresheners,Semarang,3776427,01-11-23
Joko,21 HIT Anti Fly Spray,Pest Control,Bekasi,156524,01-11-23
Indra,21 HIT Anti Mosquito Spray,Pest Control,Tangerang,2887780,01-11-23
Joko,Biosol Disinfectant,Home Care,Palembang,4466729,01-11-23
Ahmad,Biosol Disinfectant,Home Care,Surabaya,1733739,01-11-23
Chandra,Biosol Disinfectant,Home Care,Makassar,1947715,01-11-23
Gita,Biosol Disinfectant,Home Care,Medan,4325826,01-11-23
Budi,Biosol Disinfectant,Home Care,Bekasi,4056476,01-11-23
Eka,21 HIT Anti Mosquito Spray,Pest Control,Bandung,1457063,01-11-23
Budi,Stella Jeruk,Air Fresheners,Bandung,1002652,01-11-23
Dewi,Biosol Disinfectant,Home Care,Depok,3649337,01-11-23
Oki,Stella Jeruk,Air Fresheners,Tangerang,4898332,01-11-23
Fajar,Mitu Baby Soap,Personal Care,Jakarta,242033,01-11-23
Budi,21 HIT Anti Fly Spray,Pest Control,Makassar,702766,01-11-23
Budi,Mitu Baby Soap,Personal Care,Jakarta,800287,01-11-23
Oki,21 HIT Anti Mosquito Spray,Pest Control,Surabaya,827781,01-11-23
Chandra,Mitu Baby Soap,Personal Care,Semarang,3839092,01-11-23
Dewi,Cap Gajah Chalk,Pest Control,Depok,3160853,01-11-23
Hadi,Biosol Disinfectant,Home Care,Depok,2006261,01-11-23
Hadi,Stella Sakura,Air Fresheners,Medan,3953720,01-11-23
Kiki,Mitu Baby Wipes,Personal Care,Tangerang,2630717,01-11-23
Fajar,Mitu Baby Wipes,Personal Care,Palembang,3890128,01-12-23
Nina,Biosol Disinfectant,Home Care,Jakarta,3326351,01-12-23
Dewi,Biosol Disinfectant,Home Care,Medan,4815751,01-12-23
Made,Biosol Disinfectant,Home Care,Semarang,4990016,01-12-23
Lia,Stella Sakura,Air Fresheners,Bandung,4070839,01-12-23
Budi,Stella Jeruk,Air Fresheners,Semarang,2691900,01-12-23
Hadi,Stella Jeruk,Air Fresheners,Depok,3710021,01-12-23
Hadi,Stella Sakura,Air Fresheners,Bekasi,4698877,01-12-23
Gita,21 HIT Anti Fly Spray,Pest Control,Bandung,3073392,01-12-23
Fajar,Mitu Baby Wipes,Personal Care,Palembang,4156117,01-12-23
Made,21 HIT Anti Fly Spray,Pest Control,Tangerang,1309961,01-12-23
Joko,Biosol Disinfectant,Home Care,Makassar,2147206,01-12-23
Chandra,Mitu Baby Soap,Personal Care,Semarang,4535995,01-12-23
Joko,Stella Sakura,Air Fresheners,Jakarta,4743333,01-12-23
Made,Cap Gajah Chalk,Pest Control,Palembang,2342335,01-12-23
Fajar,Biosol Disinfectant,Home Care,Jakarta,1084575,01-12-23
Made,Biosol Disinfectant,Home Care,Semarang,4272230,01-12-23
Joko,Stella Sakura,Air Fresheners,Medan,3601608,01-12-23
Nina,Mitu Baby Wipes,Personal Care,Depok,697883,01-12-23
Nina,Cap Gajah Chalk,Pest Control,Semarang,109315,01-12-23
Oki,Biosol Disinfectant,Home Care,Surabaya,341058,01-12-23
Joko,Mitu Baby Soap,Personal Care,Surabaya,2920515,01-12-23
Eka,Mitu Baby Wipes,Personal Care,Surabaya,2498197,01-12-23
Hadi,21 HIT Anti Fly Spray,Pest Control,Makassar,2247202,01-12-23
Gita,Mitu Baby Wipes,Personal Care,Surabaya,4083282,01-13-23
Hadi,Biosol Disinfectant,Home Care,Bandung,1660946,01-13-23
Chandra,Stella Sakura,Air Fresheners,Medan,3281123,01-13-23
Eka,Mitu Baby Wipes,Personal Care,Bandung,2164038,01-13-23
Gita,Stella Sakura,Air Fresheners,Makassar,345301,01-13-23
Hadi,Cap Gajah Chalk,Pest Control,Semarang,521229,01-13-23
Ahmad,Stella Sakura,Air Fresheners,Tangerang,3589280,01-13-23
Lia,Biosol Disinfectant,Home Care,Palembang,197083,01-13-23
Budi,Cap Gajah Chalk,Pest Control,Semarang,1798851,01-13-23
Joko,21 HIT Anti Fly Spray,Pest Control,Bandung,394246,01-13-23
Hadi,Biosol Disinfectant,Home Care,Medan,168249,01-13-23
Fajar,21 HIT Anti Fly Spray,Pest Control,Bekasi,2869275,01-13-23
Budi,21 HIT Anti Fly Spray,Pest Control,Jakarta,195776,01-13-23
Eka,Cap Gajah Chalk,Pest Control,Depok,2292510,01-13-23
Made,Stella Jeruk,Air Fresheners,Semarang,3997280,01-13-23
Ahmad,Biosol Disinfectant,Home Care,Surabaya,2876920,01-13-23
Budi,21 HIT Anti Fly Spray,Pest Control,Jakarta,2256901,01-13-23
Eka,Mitu Baby Soap,Personal Care,Semarang,3368149,01-13-23
Ahmad,Stella Sakura,Air Fresheners,Makassar,2004997,01-13-23
Nina,21 HIT Anti Fly Spray,Pest Control,Palembang,1339340,01-13-23
Nina,Stella Sakura,Air Fresheners,Semarang,1215061,01-13-23
Fajar,21 HIT Anti Mosquito Spray,Pest Control,Bandung,334023,01-13-23
Kiki,Biosol Disinfectant,Home Care,Semarang,1071091,01-13-23
Oki,Stella Jeruk,Air Fresheners,Bekasi,751912,01-13-23
Fajar,Biosol Disinfectant,Home Care,Bekasi,648113,01-14-23
Oki,Mitu Baby Wipes,Personal Care,Semarang,2148983,01-14-23
Eka,Stella Sakura,Air Fresheners,Depok,2392618,01-14-23
Eka,21 HIT Anti Fly Spray,Pest Control,Surabaya,377068,01-14-23
Nina,21 HIT Anti Fly Spray,Pest Control,Tangerang,2329504,01-14-23
Gita,Cap Gajah Chalk,Pest Control,Jakarta,3500602,01-14-23
Kiki,Cap Gajah Chalk,Pest Control,Surabaya,1506238,01-14-23
Oki,Mitu Baby Soap,Personal Care,Bandung,3335822,01-14-23
Indra,Mitu Baby Soap,Personal Care,Palembang,4046142,01-14-23
Kiki,Mitu Baby Soap,Personal Care,Makassar,1130465,01-14-23
Lia,Stella Jeruk,Air Fresheners,Semarang,3367635,01-14-23
Oki,Stella Jeruk,Air Fresheners,Semarang,2526749,01-14-23
Oki,21 HIT Anti Mosquito Spray,Pest Control,Semarang,1457721,01-14-23
Hadi,Stella Sakura,Air Fresheners,Surabaya,608671,01-14-23
Lia,Mitu Baby Wipes,Personal Care,Jakarta,2569691,01-14-23
Joko,Mitu Baby Wipes,Personal Care,Semarang,2148050,01-14-23
Kiki,Mitu Baby Soap,Personal Care,Depok,843660,01-14-23
Gita,Cap Gajah Chalk,Pest Control,Palembang,1904383,01-14-23
Budi,Biosol Disinfectant,Home Care,Surabaya,1857072,01-14-23
Made,Biosol Disinfectant,Home Care,Bekasi,2403807,01-14-23
Eka,Stella Sakura,Air Fresheners,Bekasi,2462190,01-14-23
Gita,Cap Gajah Chalk,Pest Control,Bandung,1303161,01-14-23
Eka,21 HIT Anti Fly Spray,Pest Control,Palembang,325870,01-14-23
Gita,Cap Gajah Chalk,Pest Control,Tangerang,4115968,01-14-23
Made,Stella Jeruk,Air Fresheners,Bandung,2784835,01-15-23
Chandra,Stella Sakura,Air Fresheners,Surabaya,1185903,01-15-23
Eka,21 HIT Anti Fly Spray,Pest Control,Depok,1769423,01-15-23
Made,Stella Jeruk,Air Fresheners,Palembang,820320,01-15-23
Gita,Stella Sakura,Air Fresheners,Makassar,1464185,01-15-23
Ahmad,Stella Jeruk,Air Fresheners,Bandung,353167,01-15-23
Made,Mitu Baby Soap,Personal Care,Palembang,1473178,01-15-23
Fajar,21 HIT Anti Mosquito Spray,Pest Control,Surabaya,315743,01-15-23
Lia,Stella Sakura,Air Fresheners,Bekasi,848812,01-15-23
Kiki,Stella Sakura,Air Fresheners,Semarang,3588211,01-15-23
Eka,Mitu Baby Wipes,Personal Care,Bandung,2480484,01-15-23
Hadi,Cap Gajah Chalk,Pest Control,Palembang,2882680,01-15-23
Hadi,Cap Gajah Chalk,Pest Control,Palembang,2007148,01-15-23
Eka,21 HIT Anti Fly Spray,Pest Control,Medan,4873894,01-15-23
Dewi,Mitu Baby Soap,Personal Care,Bandung,1892845,01-15-23
Dewi,Stella Jeruk,Air Fresheners,Surabaya,4456033,01-15-23
Kiki,Cap Gajah Chalk,Pest Control,Jakarta,2895491,01-15-23
Nina,Biosol Disinfectant,Home Care,Semarang,1080990,01-15-23
Kiki,21 HIT Anti Fly Spray,Pest Control,Tangerang,3942372,01-15-23
Eka,21 HIT Anti Fly Spray,Pest Control,Semarang,462815,01-15-23
Oki,Stella Jeruk,Air Fresheners,Makassar,4810334,01-15-23
Eka,Mitu Baby Wipes,Personal Care,Bandung,219509,01-15-23
Oki,Mitu Baby Wipes,Personal Care,Semarang,1583607,01-15-23
Eka,Stella Jeruk,Air Fresheners,Palembang,154061,01-15-23
Ahmad,Stella Sakura,Air Fresheners,Medan,2972255,01-16-23
Gita,Biosol Disinfectant,Home Care,Medan,656211,01-16-23
Oki,21 HIT Anti Mosquito Spray,Pest Control,Medan,2684999,01-16-23
Eka,Mitu Baby Soap,Personal Care,Palembang,4954354,01-16-23
Gita,Cap Gajah Chalk,Pest Control,Depok,3173116,01-16-23
Fajar,Mitu Baby Soap,Personal Care,Tangerang,1612225,01-16-23
Hadi,Mitu Baby Soap,Personal Care,Palembang,2413232,01-16-23
Made,Mitu Baby Soap,Personal Care,Palembang,636281,01-16-23
Eka,Stella Jeruk,Air Fresheners,Bekasi,3251669,01-16-23
Chandra,Stella Jeruk,Air Fresheners,Jakarta,111270,01-16-23
Eka,Mitu Baby Soap,Personal Care,Depok,810450,01-16-23
Eka,Stella Sakura,Air Fresheners,Tangerang,4699054,01-16-23
Eka,Mitu Baby Wipes,Personal Care,Surabaya,1264706,01-16-23
Ahmad,21 HIT Anti Mosquito Spray,Pest Control,Tangerang,3945233,01-16-23
Eka,Cap Gajah Chalk,Pest Control,Bekasi,4530865,01-16-23
Dewi,Stella Sakura,Air Fresheners,Medan,750294,01-16-23
Fajar,Biosol Disinfectant,Home Care,Surabaya,3616162,01-16-23
Budi,Mitu Baby Wipes,Personal Care,Semarang,3246101,01-16-23
Nina,Biosol Disinfectant,Home Care,Depok,185257,01-16-23
Indra,Biosol Disinfectant,Home Care,Medan,2417846,01-16-23
Indra,21 HIT Anti Fly Spray,Pest Control,Palembang,3371729,01-16-23
Eka,Mitu Baby Soap,Personal Care,Makassar,4838405,01-16-23
Chandra,21 HIT Anti Fly Spray,Pest Control,Bandung,951831,01-16-23
Gita,Mitu Baby Wipes,Personal Care,Palembang,4070749,01-16-23
Eka,Stella Jeruk,Air Fresheners,Makassar,263470,01-17-23
Dewi,Cap Gajah Chalk,Pest Control,Bekasi,3875923,01-17-23
Oki,Stella Jeruk,Air Fresheners,Tangerang,4789955,01-17-23
Oki,Biosol Disinfectant,Home Care,Palembang,655688,01-17-23
Lia,Mitu Baby Soap,Personal Care,Bekasi,4752478,01-17-23
Nina,Cap Gajah Chalk,Pest Control,Bandung,4403119,01-17-23
Lia,Biosol Disinfectant,Home Care,Bandung,4278474,01-17-23
Kiki,21 HIT Anti Fly Spray,Pest Control,Tangerang,3836247,01-17-23
Hadi,Stella Jeruk,Air Fresheners,Surabaya,2689347,01-17-23
Budi,Mitu Baby Soap,Personal Care,Semarang,2639818,01-17-23
Lia,Stella Jeruk,Air Fresheners,Bandung,3502849,01-17-23
Oki,Biosol Disinfectant,Home Care,Tangerang,1318918,01-17-23
Ahmad,21 HIT Anti Fly Spray,Pest Control,Bekasi,746234,01-17-23
Oki,Stella Sakura,Air Fresheners,Surabaya,1714044,01-17-23
Ahmad,Stella Jeruk,Air Fresheners,Depok,1492451,01-17-23
Eka,Mitu Baby Wipes,Personal Care,Surabaya,4631795,01-17-23
Gita,21 HIT Anti Mosquito Spray,Pest Control,Semarang,1767783,01-17-23
Made,21 HIT Anti Fly Spray,Pest Control,Bekasi,996551,01-17-23
Indra,Mitu Baby Soap,Personal Care,Bandung,2477761,01-17-23
Fajar,Cap Gajah Chalk,Pest Control,Tangerang,3170739,01-17-23
Made,Mitu Baby Wipes,Personal Care,Surabaya,4553006,01-17-23
Kiki,Stella Jeruk,Air Fresheners,Makassar,4362359,01-17-23
Budi,Stella Sakura,Air Fresheners,Jakarta,1407951,01-17-23
Fajar,Stella Sakura,Air Fresheners,Tangerang,140581,01-17-23
Eka,21 HIT Anti Fly Spray,Pest Control,Bandung,2349359,01-18-23
Kiki,Cap Gajah Chalk,Pest Control,Surabaya,1356716,01-18-23
Eka,Stella Sakura,Air Fresheners,Bandung,3220428,01-18-23
Dewi,Biosol Disinfectant,Home Care,Bekasi,1975972,01-18-23
Hadi,Stella Sakura,Air Fresheners,Palembang,3651014,01-18-23
Oki,Stella Sakura,Air Fresheners,Makassar,585859,01-18-23
Joko,Mitu Baby Wipes,Personal Care,Surabaya,3759246,01-18-23
Hadi,21 HIT Anti Fly Spray,Pest Control,Bandung,2020227,01-18-23
Lia,Mitu Baby Soap,Personal Care,Tangerang,2952218,01-18-23
Budi,21 HIT Anti Fly Spray,Pest Control,Surabaya,580057,01-18-23
Chandra,Mitu Baby Soap,Personal Care,Palembang,2151963,01-18-23
Indra,Mitu Baby Wipes,Personal Care,Makassar,602280,01-18-23
Nina,Biosol Disinfectant,Home Care,Bekasi,2238205,01-18-23
Gita,Stella Jeruk,Air Fresheners,Bandung,3387230,01-18-23
Chandra,Stella Sakura,Air Fresheners,Makassar,340945,01-18-23
Kiki,Mitu Baby Wipes,Personal Care,Medan,1701203,01-18-23
Hadi,Stella Jeruk,Air Fresheners,Semarang,566670,01-18-23
Kiki,21 HIT Anti Fly Spray,Pest Control,Medan,974714,01-18-23
Lia,21 HIT Anti Mosquito Spray,Pest Control,Depok,1610455,01-18-23
Hadi,Mitu Baby Wipes,Personal Care,Makassar,4526371,01-18-23
Eka,21 HIT Anti Mosquito Spray,Pest Control,Bandung,1315277,01-18-23
Chandra,Mitu Baby Wipes,Personal Care,Bekasi,2144803,01-18-23
Ahmad,21 HIT Anti Mosquito Spray,Pest Control,Bekasi,3102933,01-18-23
Gita,Stella Sakura,Air Fresheners,Tangerang,2188460,01-18-23
Nina,Biosol Disinfectant,Home Care,Medan,332540,01-19-23
Oki,21 HIT Anti Fly Spray,Pest Control,Tangerang,4345705,01-19-23
Hadi,21 HIT Anti Mosquito Spray,Pest Control,Semarang,1402361,01-19-23
Oki,Mitu Baby Wipes,Personal Care,Semarang,1260479,01-19-23
Nina,Stella Sakura,Air Fresheners,Medan,2062591,01-19-23
Hadi,21 HIT Anti Mosquito Spray,Pest Control,Semarang,4210146,01-19-23
Hadi,Biosol Disinfectant,Home Care,Depok,3723011,01-19-23
Indra,Stella Jeruk,Air Fresheners,Surabaya,1048730,01-19-23
Joko,21 HIT Anti Fly Spray,Pest Control,Jakarta,1960160,01-19-23
Ahmad,21 HIT Anti Mosquito Spray,Pest Control,Medan,3295597,01-19-23
Fajar,Biosol Disinfectant,Home Care,Makassar,3275874,01-19-23
Chandra,21 HIT Anti Mosquito Spray,Pest Control,Bandung,1201862,01-19-23
Kiki,21 HIT Anti Fly Spray,Pest Control,Depok,1159050,01-19-23
Hadi,Mitu Baby Wipes,Personal Care,Tangerang,1764007,01-19-23
Chandra,Stella Jeruk,Air Fresheners,Jakarta,370942,01-19-23
Indra,Mitu Baby Soap,Personal Care,Semarang,315168,01-19-23
Indra,Mitu Baby Soap,Personal Care,Jakarta,919707,01-19-23
Ahmad,Stella Jeruk,Air Fresheners,Medan,2052628,01-19-23
Fajar,Stella Jeruk,Air Fresheners,Jakarta,801533,01-19-23
Ahmad,21 HIT Anti Fly Spray,Pest Control,Semarang,4272159,01-19-23
Chandra,Mitu Baby Wipes,Personal Care,Bekasi,3960410,01-19-23
Lia,Stella Jeruk,Air Fresheners,Tangerang,1005995,01-19-23
Dewi,21 HIT Anti Fly Spray,Pest Control,Bekasi,2460113,01-19-23
Oki,Stella Jeruk,Air Fresheners,Palembang,3564387,01-19-23
Fajar,Stella Sakura,Air Fresheners,Medan,1908900,01-20-23
Nina,Biosol Disinfectant,Home Care,Semarang,2242023,01-20-23
Ahmad,Stella Jeruk,Air Fresheners,Medan,2119923,01-20-23
Fajar,Stella Sakura,Air Fresheners,Semarang,282036,01-20-23
Gita,Cap Gajah Chalk,Pest Control,Depok,1506849,01-20-23
Nina,21 HIT Anti Fly Spray,Pest Control,Bekasi,4114437,01-20-23
Indra,21 HIT Anti Mosquito Spray,Pest Control,Depok,2530096,01-20-23
Kiki,Stella Jeruk,Air Fresheners,Bandung,1993388,01-20-23
Fajar,Biosol Disinfectant,Home Care,Semarang,545817,01-20-23
Made,Cap Gajah Chalk,Pest Control,Medan,2132981,01-20-23
Hadi,Mitu Baby Wipes,Personal Care,Bekasi,231757,01-20-23
Eka,Cap Gajah Chalk,Pest Control,Bekasi,1779692,01-20-23
Fajar,21 HIT Anti Fly Spray,Pest Control,Bekasi,1254178,01-20-23
Hadi,21 HIT Anti Mosquito Spray,Pest Control,Depok,3496933,01-20-23
Hadi,21 HIT Anti Mosquito Spray,Pest Control,Semarang,2270517,01-20-23
Hadi,21 HIT Anti Mosquito Spray,Pest Control,Tangerang,3075335,01-20-23
Hadi,Mitu Baby Soap,Personal Care,Tangerang,419276,01-20-23
Indra,21 HIT Anti Fly Spray,Pest Control,Tangerang,4216517,01-20-23
Nina,Mitu Baby Wipes,Personal Care,Tangerang,1593154,01-20-23
Dewi,Stella Jeruk,Air Fresheners,Makassar,3546208,01-20-23
Chandra,Mitu Baby Wipes,Personal Care,Bandung,4399915,01-20-23
Chandra,Biosol Disinfectant,Home Care,Bekasi,1031410,01-20-23
Oki,21 HIT Anti Fly Spray,Pest Control,Semarang,2295942,01-20-23
Gita,21 HIT Anti Fly Spray,Pest Control,Surabaya,4676894,01-20-23
Nina,21 HIT Anti Fly Spray,Pest Control,Medan,4287944,01-21-23
Hadi,21 HIT Anti Mosquito Spray,Pest Control,Jakarta,2046188,01-21-23
Fajar,21 HIT Anti Fly Spray,Pest Control,Makassar,1105225,01-21-23
Eka,21 HIT Anti Mosquito Spray,Pest Control,Surabaya,4410628,01-21-23
Dewi,Mitu Baby Wipes,Personal Care,Palembang,4715881,01-21-23
Ahmad,21 HIT Anti Fly Spray,Pest Control,Medan,2011621,01-21-23
Gita,Stella Sakura,Air Fresheners,Surabaya,4386898,01-21-23
Nina,Mitu Baby Soap,Personal Care,Depok,4808154,01-21-23
Fajar,Mitu Baby Wipes,Personal Care,Tangerang,3440112,01-21-23
Kiki,Mitu Baby Soap,Personal Care,Semarang,3000303,01-21-23
Made,Stella Jeruk,Air Fresheners,Bandung,3196696,01-21-23
Made,Stella Jeruk,Air Fresheners,Semarang,3926264,01-21-23
Hadi,21 HIT Anti Fly Spray,Pest Control,Palembang,2355690,01-21-23
Ahmad,Stella Jeruk,Air Fresheners,Palembang,3783926,01-21-23
Fajar,Cap Gajah Chalk,Pest Control,Makassar,4604786,01-21-23
Kiki,Mitu Baby Wipes,Personal Care,Bekasi,3157243,01-21-23
Kiki,21 HIT Anti Fly Spray,Pest Control,Surabaya,4249927,01-21-23
Lia,Mitu Baby Soap,Personal Care,Semarang,3107747,01-21-23
Budi,Biosol Disinfectant,Home Care,Bekasi,3587122,01-21-23
Chandra,21 HIT Anti Mosquito Spray,Pest Control,Medan,888652,01-21-23
Kiki,Biosol Disinfectant,Home Care,Jakarta,1433854,01-21-23
Nina,21 HIT Anti Mosquito Spray,Pest Control,Semarang,2560839,01-21-23
Chandra,Stella Jeruk,Air Fresheners,Jakarta,1174685,01-21-23
Chandra,Biosol Disinfectant,Home Care,Tangerang,3519008,01-21-23
Chandra,Biosol Disinfectant,Home Care,Bandung,1292619,01-22-23
Dewi,Stella Sakura,Air Fresheners,Surabaya,4018756,01-22-23
Budi,Stella Sakura,Air Fresheners,Surabaya,2640769,01-22-23
Budi,Mitu Baby Soap,Personal Care,Makassar,2230672,01-22-23
Eka,21 HIT Anti Mosquito Spray,Pest Control,Palembang,4216883,01-22-23
Nina,21 HIT Anti Mosquito Spray,Pest Control,Bandung,1391857,01-22-23
Indra,Biosol Disinfectant,Home Care,Medan,2858419,01-22-23
Ahmad,21 HIT Anti Mosquito Spray,Pest Control,Jakarta,3532644,01-22-23
Made,21 HIT Anti Mosquito Spray,Pest Control,Semarang,560473,01-22-23
Kiki,Cap Gajah Chalk,Pest Control,Makassar,3071685,01-22-23
Joko,Cap Gajah Chalk,Pest Control,Depok,1356020,01-22-23
Made,Stella Jeruk,Air Fresheners,Makassar,791912,01-22-23
Ahmad,Biosol Disinfectant,Home Care,Bandung,2094898,01-22-23
Made,Cap Gajah Chalk,Pest Control,Bekasi,1918129,01-22-23
Oki,Stella Jeruk,Air Fresheners,Bandung,4498331,01-22-23
Ahmad,21 HIT Anti Mosquito Spray,Pest Control,Makassar,3099210,01-22-23
Lia,Stella Jeruk,Air Fresheners,Makassar,3116815,01-22-23
Joko,Mitu Baby Soap,Personal Care,Bandung,3103616,01-22-23
Dewi,Mitu Baby Wipes,Personal Care,Semarang,883144,01-22-23
Nina,Biosol Disinfectant,Home Care,Tangerang,2136696,01-22-23
Joko,Biosol Disinfectant,Home Care,Jakarta,1482177,01-22-23
Oki,Stella Sakura,Air Fresheners,Medan,1931091,01-22-23
Fajar,Mitu Baby Wipes,Personal Care,Surabaya,3009737,01-22-23
Kiki,Cap Gajah Chalk,Pest Control,Medan,1378825,01-22-23
Joko,Mitu Baby Soap,Personal Care,Bekasi,2044440,01-23-23
Hadi,Mitu Baby Soap,Personal Care,Palembang,3226005,01-23-23
Hadi,Mitu Baby Soap,Personal Care,Jakarta,594473,01-23-23
Fajar,Stella Sakura,Air Fresheners,Tangerang,1392899,01-23-23
Fajar,Mitu Baby Wipes,Personal Care,Bandung,2409886,01-23-23
Budi,Stella Sakura,Air Fresheners,Bekasi,2865228,01-23-23
Lia,Cap Gajah Chalk,Pest Control,Palembang,3515192,01-23-23
Fajar,21 HIT Anti Mosquito Spray,Pest Control,Bekasi,3048056,01-23-23
Ahmad,Cap Gajah Chalk,Pest Control,Semarang,3494813,01-23-23
Lia,21 HIT Anti Mosquito Spray,Pest Control,Medan,313311,01-23-23
Dewi,Stella Jeruk,Air Fresheners,Depok,1908424,01-23-23
Nina,Mitu Baby Wipes,Personal Care,Medan,1788408,01-23-23
Ahmad,Stella Jeruk,Air Fresheners,Jakarta,1193630,01-23-23
Ahmad,Biosol Disinfectant,Home Care,Tangerang,2936894,01-23-23
Eka,Cap Gajah Chalk,Pest Control,Palembang,1408823,01-23-23
Joko,Biosol Disinfectant,Home Care,Bekasi,1073178,01-23-23
Lia,Biosol Disinfectant,Home Care,Semarang,1283903,01-23-23
Made,21 HIT Anti Fly Spray,Pest Control,Jakarta,3187459,01-23-23
Oki,Cap Gajah Chalk,Pest Control,Bekasi,3976945,01-23-23
Made,Biosol Disinfectant,Home Care,Palembang,2378307,01-23-23
Gita,21 HIT Anti Mosquito Spray,Pest Control,Palembang,4659417,01-23-23
Indra,Biosol Disinfectant,Home Care,Makassar,2659021,01-23-23
Dewi,Mitu Baby Soap,Personal Care,Jakarta,101417,01-23-23
Joko,Biosol Disinfectant,Home Care,Jakarta,3663127,01-23-23
Fajar,Cap Gajah Chalk,Pest Control,Depok,3191976,01-24-23
Kiki,Biosol Disinfectant,Home Care,Makassar,3900843,01-24-23
Nina,21 HIT Anti Fly Spray,Pest Control,Tangerang,401416,01-24-23
Fajar,21 HIT Anti Mosquito Spray,Pest Control,Jakarta,4050937,01-24-23
Hadi,Mitu Baby Wipes,Personal Care,Surabaya,346703,01-24-23
Eka,21 HIT Anti Fly Spray,Pest Control,Surabaya,3888500,01-24-23
Fajar,Cap Gajah Chalk,Pest Control,Depok,4737186,01-24-23
Chandra,Stella Jeruk,Air Fresheners,Jakarta,2953734,01-24-23
Eka,Stella Sakura,Air Fresheners,Tangerang,3783844,01-24-23
Chandra,Mitu Baby Soap,Personal Care,Semarang,3679187,01-24-23
Gita,Mitu Baby Soap,Personal Care,Depok,1475891,01-24-23
Indra,Stella Jeruk,Air Fresheners,Bandung,1247679,01-24-23
Dewi,Stella Sakura,Air Fresheners,Jakarta,2754390,01-24-23
Dewi,Mitu Baby Wipes,Personal Care,Surabaya,3256702,01-24-23
Indra,Mitu Baby Wipes,Personal Care,Palembang,329968,01-24-23
Budi,21 HIT Anti Mosquito Spray,Pest Control,Makassar,4302490,01-24-23
Eka,Mitu Baby Wipes,Personal Care,Bekasi,4493996,01-24-23
Oki,Biosol Disinfectant,Home Care,Palembang,414399,01-24-23
Nina,21 HIT Anti Mosquito Spray,Pest Control,Bekasi,4635314,01-24-23
Nina,Mitu Baby Soap,Personal Care,Surabaya,771939,01-24-23
Eka,21 HIT Anti Fly Spray,Pest Control,Medan,2243679,01-24-23
Eka,Biosol Disinfectant,Home Care,Jakarta,2278683,01-24-23
Joko,Biosol Disinfectant,Home Care,Makassar,4288116,01-24-23
Gita,Stella Jeruk,Air Fresheners,Medan,2993057,01-24-23
Gita,21 HIT Anti Fly Spray,Pest Control,Bandung,186763,01-25-23
Gita,Biosol Disinfectant,Home Care,Bandung,298681,01-25-23
Made,Mitu Baby Soap,Personal Care,Tangerang,3733688,01-25-23
Ahmad,Biosol Disinfectant,Home Care,Tangerang,4748086,01-25-23
Ahmad,21 HIT Anti Mosquito Spray,Pest Control,Makassar,4488361,01-25-23
Gita,Stella Jeruk,Air Fresheners,Bekasi,3575817,01-25-23
Kiki,Stella Sakura,Air Fresheners,Surabaya,2478294,01-25-23
Eka,Biosol Disinfectant,Home Care,Makassar,439792,01-25-23
Dewi,Cap Gajah Chalk,Pest Control,Semarang,570589,01-25-23
Indra,Stella Jeruk,Air Fresheners,Semarang,2055408,01-25-23
Made,Mitu Baby Wipes,Personal Care,Makassar,1262001,01-25-23
Ahmad,Stella Jeruk,Air Fresheners,Bekasi,1612318,01-25-23
Made,Mitu Baby Wipes,Personal Care,Medan,4798925,01-25-23
Joko,Mitu Baby Wipes,Personal Care,Depok,2158592,01-25-23
Kiki,Mitu Baby Wipes,Personal Care,Medan,1153005,01-25-23
Nina,Cap Gajah Chalk,Pest Control,Bandung,1322072,01-25-23
Hadi,Biosol Disinfectant,Home Care,Semarang,1464764,01-25-23
Chandra,21 HIT Anti Mosquito Spray,Pest Control,Bekasi,740535,01-25-23
Eka,Biosol Disinfectant,Home Care,Palembang,1482916,01-25-23
Kiki,Stella Jeruk,Air Fresheners,Jakarta,3028701,01-25-23
Budi,Stella Jeruk,Air Fresheners,Makassar,4789745,01-25-23
Made,Cap Gajah Chalk,Pest Control,Depok,2825029,01-25-23
Indra,Mitu Baby Soap,Personal Care,Tangerang,2611071,01-25-23
Joko,Biosol Disinfectant,Home Care,Semarang,4509879,01-25-23
Lia,Mitu Baby Wipes,Personal Care,Semarang,3545265,01-26-23
Eka,Mitu Baby Wipes,Personal Care,Medan,2522277,01-26-23
Gita,Stella Jeruk,Air Fresheners,Surabaya,2731295,01-26-23
Indra,21 HIT Anti Fly Spray,Pest Control,Palembang,1424876,01-26-23
Nina,Biosol Disinfectant,Home Care,Depok,538612,01-26-23
Eka,Cap Gajah Chalk,Pest Control,Jakarta,590825,01-26-23
Gita,Biosol Disinfectant,Home Care,Tangerang,2789535,01-26-23
Nina,21 HIT Anti Mosquito Spray,Pest Control,Surabaya,2029088,01-26-23
Kiki,Biosol Disinfectant,Home Care,Surabaya,2379379,01-26-23
Lia,Cap Gajah Chalk,Pest Control,Depok,1215266,01-26-23
Joko,21 HIT Anti Fly Spray,Pest Control,Palembang,414666,01-26-23
Ahmad,Stella Sakura,Air Fresheners,Tangerang,4456619,01-26-23
Joko,Biosol Disinfectant,Home Care,Surabaya,608612,01-26-23
Joko,21 HIT Anti Mosquito Spray,Pest Control,Medan,4050254,01-26-23
Kiki,21 HIT Anti Fly Spray,Pest Control,Semarang,3093044,01-26-23
Budi,21 HIT Anti Mosquito Spray,Pest Control,Bekasi,4979913,01-26-23
Dewi,21 HIT Anti Mosquito Spray,Pest Control,Medan,3656134,01-26-23
Ahmad,Mitu Baby Wipes,Personal Care,Palembang,1086921,01-26-23
Kiki,Mitu Baby Wipes,Personal Care,Medan,2011096,01-26-23
Gita,21 HIT Anti Mosquito Spray,Pest Control,Medan,2441178,01-26-23
Kiki,Stella Jeruk,Air Fresheners,Depok,991762,01-26-23
Chandra,Mitu Baby Soap,Personal Care,Bandung,3926645,01-26-23
Oki,Stella Jeruk,Air Fresheners,Depok,333870,01-26-23
Chandra,Stella Jeruk,Air Fresheners,Medan,3094516,01-26-23
Nina,Mitu Baby Wipes,Personal Care,Bandung,150759,01-27-23
Joko,Mitu Baby Soap,Personal Care,Bandung,4456734,01-27-23
Hadi,Stella Jeruk,Air Fresheners,Depok,3585857,01-27-23
Indra,21 HIT Anti Fly Spray,Pest Control,Bandung,1390626,01-27-23
Nina,Mitu Baby Wipes,Personal Care,Bandung,2146436,01-27-23
Budi,Cap Gajah Chalk,Pest Control,Jakarta,2458160,01-27-23
Budi,21 HIT Anti Fly Spray,Pest Control,Jakarta,3257756,01-27-23
Lia,Mitu Baby Wipes,Personal Care,Medan,4716919,01-27-23
Ahmad,Mitu Baby Wipes,Personal Care,Jakarta,158225,01-27-23
Gita,Stella Jeruk,Air Fresheners,Bandung,3415433,01-27-23
Fajar,Cap Gajah Chalk,Pest Control,Semarang,3570660,01-27-23
Chandra,Stella Jeruk,Air Fresheners,Depok,1722133,01-27-23
Lia,Mitu Baby Soap,Personal Care,Surabaya,4352051,01-27-23
Joko,Stella Jeruk,Air Fresheners,Jakarta,4463294,01-27-23
Dewi,21 HIT Anti Mosquito Spray,Pest Control,Bandung,2620908,01-27-23
Fajar,Mitu Baby Wipes,Personal Care,Makassar,4567091,01-27-23
Made,Biosol Disinfectant,Home Care,Surabaya,905968,01-27-23
Eka,21 HIT Anti Mosquito Spray,Pest Control,Tangerang,788437,01-27-23
Hadi,Cap Gajah Chalk,Pest Control,Tangerang,1578695,01-27-23
Budi,Cap Gajah Chalk,Pest Control,Jakarta,832862,01-27-23
Ahmad,Stella Sakura,Air Fresheners,Surabaya,224963,01-27-23
Made,21 HIT Anti Mosquito Spray,Pest Control,Medan,3623207,01-27-23
Made,Mitu Baby Soap,Personal Care,Depok,528103,01-27-23
Kiki,Stella Sakura,Air Fresheners,Tangerang,1057063,01-27-23
Budi,21 HIT Anti Fly Spray,Pest Control,Semarang,1015252,01-28-23
Made,Cap Gajah Chalk,Pest Control,Palembang,4678227,01-28-23
Joko,Stella Jeruk,Air Fresheners,Bekasi,4439197,01-28-23
Oki,Mitu Baby Soap,Personal Care,Makassar,3320255,01-28-23
Chandra,Biosol Disinfectant,Home Care,Depok,3165392,01-28-23
Budi,21 HIT Anti Fly Spray,Pest Control,Medan,2671305,01-28-23
Lia,21 HIT Anti Mosquito Spray,Pest Control,Surabaya,491735,01-28-23
Fajar,Biosol Disinfectant,Home Care,Tangerang,3874889,01-28-23
Eka,21 HIT Anti Fly Spray,Pest Control,Bekasi,505020,01-28-23
Indra,Mitu Baby Soap,Personal Care,Makassar,2201741,01-28-23
Fajar,Stella Sakura,Air Fresheners,Medan,2306475,01-28-23
Nina,21 HIT Anti Fly Spray,Pest Control,Palembang,3524130,01-28-23
Fajar,21 HIT Anti Mosquito Spray,Pest Control,Bekasi,1960632,01-28-23
Indra,Mitu Baby Wipes,Personal Care,Palembang,1421061,01-28-23
Fajar,Biosol Disinfectant,Home Care,Tangerang,2783004,01-28-23
Fajar,Stella Jeruk,Air Fresheners,Tangerang,2584903,01-28-23
Gita,Biosol Disinfectant,Home Care,Surabaya,1490723,01-28-23
Made,Stella Sakura,Air Fresheners,Makassar,1199813,01-28-23
Oki,Stella Sakura,Air Fresheners,Palembang,1425691,01-28-23
Fajar,Stella Sakura,Air Fresheners,Tangerang,2101958,01-28-23
Eka,Stella Jeruk,Air Fresheners,Depok,2642029,01-28-23
Indra,Biosol Disinfectant,Home Care,Surabaya,4542177,01-28-23
Dewi,21 HIT Anti Mosquito Spray,Pest Control,Palembang,854103,01-28-23
Oki,21 HIT Anti Mosquito Spray,Pest Control,Bandung,2440622,01-28-23
Dewi,Stella Sakura,Air Fresheners,Surabaya,828838,01-29-23
Ahmad,Stella Jeruk,Air Fresheners,Medan,1468104,01-29-23
Oki,Mitu Baby Soap,Personal Care,Semarang,4857743,01-29-23
Indra,Mitu Baby Soap,Personal Care,Bekasi,3821635,01-29-23
Indra,Stella Jeruk,Air Fresheners,Jakarta,4747999,01-29-23
Ahmad,Mitu Baby Wipes,Personal Care,Bandung,2826328,01-29-23
Eka,21 HIT Anti Fly Spray,Pest Control,Tangerang,2638056,01-29-23
Fajar,Mitu Baby Soap,Personal Care,Surabaya,1944146,01-29-23
Chandra,Biosol Disinfectant,Home Care,Medan,3995850,01-29-23
Indra,Mitu Baby Wipes,Personal Care,Bandung,2198619,01-29-23
Ahmad,Biosol Disinfectant,Home Care,Makassar,746693,01-29-23
Made,Mitu Baby Soap,Personal Care,Depok,2047859,01-29-23
Indra,Mitu Baby Soap,Personal Care,Medan,3309593,01-29-23
Hadi,Mitu Baby Wipes,Personal Care,Tangerang,2650534,01-29-23
Nina,Biosol Disinfectant,Home Care,Depok,3723129,01-29-23
Oki,Mitu Baby Wipes,Personal Care,Surabaya,586341,01-29-23
Budi,Stella Sakura,Air Fresheners,Tangerang,754096,01-29-23
Indra,Mitu Baby Wipes,Personal Care,Surabaya,4953373,01-29-23
Lia,Stella Jeruk,Air Fresheners,Semarang,3694516,01-29-23
Kiki,Stella Jeruk,Air Fresheners,Makassar,3815458,01-29-23
Budi,21 HIT Anti Mosquito Spray,Pest Control,Makassar,1598283,01-29-23
Ahmad,21 HIT Anti Mosquito Spray,Pest Control,Tangerang,1812546,01-29-23
Chandra,Mitu Baby Soap,Personal Care,Palembang,4729653,01-29-23
Budi,Cap Gajah Chalk,Pest Control,Depok,3774738,01-29-23
Eka,Mitu Baby Wipes,Personal Care,Bandung,369933,01-30-23
Chandra,Mitu Baby Wipes,Personal Care,Bekasi,3662234,01-30-23
Oki,Stella Jeruk,Air Fresheners,Medan,3156886,01-30-23
Gita,Stella Jeruk,Air Fresheners,Makassar,610691,01-30-23
Fajar,21 HIT Anti Fly Spray,Pest Control,Depok,1530145,01-30-23
Indra,21 HIT Anti Mosquito Spray,Pest Control,Palembang,2878219,01-30-23
Gita,Cap Gajah Chalk,Pest Control,Semarang,4790679,01-30-23
Nina,Mitu Baby Wipes,Personal Care,Depok,1047209,01-30-23
Oki,21 HIT Anti Fly Spray,Pest Control,Semarang,2467444,01-30-23
Lia,Stella Sakura,Air Fresheners,Bandung,2939021,01-30-23
Kiki,Cap Gajah Chalk,Pest Control,Bekasi,2467413,01-30-23
Kiki,21 HIT Anti Mosquito Spray,Pest Control,Surabaya,1178425,01-30-23
Joko,21 HIT Anti Fly Spray,Pest Control,Makassar,4772215,01-30-23
Indra,Stella Sakura,Air Fresheners,Medan,1671731,01-30-23
Chandra,21 HIT Anti Fly Spray,Pest Control,Bekasi,2173345,01-30-23
Ahmad,21 HIT Anti Fly Spray,Pest Control,Surabaya,2567423,01-30-23
Joko,21 HIT Anti Mosquito Spray,Pest Control,Semarang,4466904,01-30-23
Indra,Biosol Disinfectant,Home Care,Tangerang,3593061,01-30-23
Budi,Stella Sakura,Air Fresheners,Medan,2261604,01-30-23
Oki,Biosol Disinfectant,Home Care,Jakarta,2147564,01-30-23
Kiki,Stella Sakura,Air Fresheners,Medan,4569190,01-30-23
Nina,Stella Jeruk,Air Fresheners,Jakarta,4479192,01-30-23
Ahmad,Stella Sakura,Air Fresheners,Makassar,2959863,01-30-23
Oki,Cap Gajah Chalk,Pest Control,Depok,1597953,01-30-23
Lia,Mitu Baby Soap,Personal Care,Depok,2770134,01-31-23
Nina,Mitu Baby Soap,Personal Care,Surabaya,1606332,01-31-23
Chandra,Mitu Baby Soap,Personal Care,Makassar,4110137,01-31-23
Nina,21 HIT Anti Mosquito Spray,Pest Control,Bekasi,633818,01-31-23
Ahmad,21 HIT Anti Fly Spray,Pest Control,Surabaya,880302,01-31-23
Ahmad,Cap Gajah Chalk,Pest Control,Palembang,3824746,01-31-23
Kiki,Mitu Baby Wipes,Personal Care,Makassar,4949936,01-31-23
Gita,Biosol Disinfectant,Home Care,Bandung,3441413,01-31-23
Made,21 HIT Anti Mosquito Spray,Pest Control,Bandung,623862,01-31-23
Kiki,Stella Jeruk,Air Fresheners,Medan,2307071,01-31-23
Ahmad,Biosol Disinfectant,Home Care,Surabaya,1988282,01-31-23
Joko,Mitu Baby Soap,Personal Care,Tangerang,2302734,01-31-23
Oki,Mitu Baby Wipes,Personal Care,Semarang,408918,01-31-23
Budi,Mitu Baby Wipes,Personal Care,Bekasi,4005527,01-31-23
Hadi,21 HIT Anti Fly Spray,Pest Control,Surabaya,4803376,01-31-23
Dewi,Cap Gajah Chalk,Pest Control,Palembang,3704287,01-31-23
Dewi,Stella Jeruk,Air Fresheners,Medan,2871132,01-31-23
Indra,Stella Jeruk,Air Fresheners,Depok,4500794,01-31-23
Ahmad,21 HIT Anti Fly Spray,Pest Control,Medan,881023,01-31-23
Eka,Mitu Baby Soap,Personal Care,Medan,324580,01-31-23
Budi,21 HIT Anti Mosquito Spray,Pest Control,Tangerang,321158,01-31-23
Kiki,Stella Jeruk,Air Fresheners,Jakarta,2885787,01-31-23
Fajar,Mitu Baby Wipes,Personal Care,Jakarta,826084,01-31-23
Hadi,Cap Gajah Chalk,Pest Control,Medan,1526560,01-31-23
Lia,Mitu Baby Wipes,Personal Care,Bandung,2530618,02-01-23
Eka,Mitu Baby Soap,Personal Care,Semarang,688612,02-01-23
Dewi,Cap Gajah Chalk,Pest Control,Bekasi,982768,02-01-23
Joko,Biosol Disinfectant,Home Care,Medan,2692453,02-01-23
Fajar,21 HIT Anti Fly Spray,Pest Control,Depok,2903376,02-01-23
Hadi,Mitu Baby Wipes,Personal Care,Bandung,3622162,02-01-23
Lia,Stella Jeruk,Air Fresheners,Medan,1379827,02-01-23
Dewi,21 HIT Anti Mosquito Spray,Pest Control,Makassar,440019,02-01-23
Made,Stella Sakura,Air Fresheners,Bekasi,3063797,02-01-23
Oki,21 HIT Anti Mosquito Spray,Pest Control,Depok,2493004,02-01-23
Indra,Stella Sakura,Air Fresheners,Jakarta,1056962,02-01-23
Ahmad,21 HIT Anti Fly Spray,Pest Control,Tangerang,3099873,02-01-23
Budi,Biosol Disinfectant,Home Care,Makassar,4500003,02-01-23
Gita,Cap Gajah Chalk,Pest Control,Bekasi,1332993,02-01-23
Hadi,Stella Jeruk,Air Fresheners,Bandung,3648444,02-01-23
Indra,Stella Sakura,Air Fresheners,Depok,4083253,02-01-23
Nina,Mitu Baby Wipes,Personal Care,Bekasi,1937416,02-01-23
Kiki,Mitu Baby Wipes,Personal Care,Palembang,269576,02-01-23
Fajar,21 HIT Anti Mosquito Spray,Pest Control,Tangerang,3093297,02-01-23
Fajar,21 HIT Anti Fly Spray,Pest Control,Tangerang,992545,02-01-23
Joko,Cap Gajah Chalk,Pest Control,Medan,2808484,02-01-23
Made,Stella Jeruk,Air Fresheners,Bandung,3720707,02-01-23
Ahmad,Biosol Disinfectant,Home Care,Palembang,3197397,02-01-23
Fajar,Biosol Disinfectant,Home Care,Palembang,4861702,02-01-23
Kiki,21 HIT Anti Fly Spray,Pest Control,Jakarta,1516119,02-02-23
Made,Stella Jeruk,Air Fresheners,Bekasi,3749565,02-02-23
Dewi,Mitu Baby Soap,Personal Care,Semarang,4794694,02-02-23
Kiki,21 HIT Anti Fly Spray,Pest Control,Semarang,4897587,02-02-23
Fajar,21 HIT Anti Fly Spray,Pest Control,Semarang,1466197,02-02-23
Hadi,Stella Jeruk,Air Fresheners,Semarang,3225998,02-02-23
Ahmad,Cap Gajah Chalk,Pest Control,Medan,902204,02-02-23
Chandra,21 HIT Anti Fly Spray,Pest Control,Jakarta,1293734,02-02-23
Lia,Cap Gajah Chalk,Pest Control,Bandung,2488292,02-02-23
Hadi,Mitu Baby Wipes,Personal Care,Depok,310095,02-02-23
Dewi,Stella Jeruk,Air Fresheners,Medan,2178315,02-02-23
Chandra,Mitu Baby Soap,Personal Care,Depok,2803892,02-02-23
Dewi,21 HIT Anti Fly Spray,Pest Control,Surabaya,4522118,02-02-23
Indra,21 HIT Anti Fly Spray,Pest Control,Makassar,2813733,02-02-23
Kiki,21 HIT Anti Mosquito Spray,Pest Control,Medan,265754,02-02-23
Hadi,Cap Gajah Chalk,Pest Control,Surabaya,4425233,02-02-23
Gita,Stella Jeruk,Air Fresheners,Tangerang,365719,02-02-23
Eka,21 HIT Anti Mosquito Spray,Pest Control,Semarang,1407529,02-02-23
Gita,Stella Jeruk,Air Fresheners,Medan,4747509,02-02-23
Budi,Mitu Baby Soap,Personal Care,Depok,2211152,02-02-23
Chandra,Mitu Baby Soap,Personal Care,Medan,2072662,02-02-23
Ahmad,Mitu Baby Soap,Personal Care,Tangerang,193098,02-02-23
Kiki,Biosol Disinfectant,Home Care,Makassar,3123487,02-02-23
Fajar,Cap Gajah Chalk,Pest Control,Bekasi,4332784,02-02-23
Indra,Stella Sakura,Air Fresheners,Semarang,1811629,02-03-23
Nina,21 HIT Anti Mosquito Spray,Pest Control,Depok,1884805,02-03-23
Hadi,Biosol Disinfectant,Home Care,Depok,1045113,02-03-23
Oki,Cap Gajah Chalk,Pest Control,Bandung,4344708,02-03-23
Ahmad,Biosol Disinfectant,Home Care,Bandung,1478025,02-03-23
Lia,Mitu Baby Wipes,Personal Care,Surabaya,1127875,02-03-23
Gita,Cap Gajah Chalk,Pest Control,Jakarta,4584344,02-03-23
Made,21 HIT Anti Fly Spray,Pest Control,Bandung,4479564,02-03-23
Oki,Mitu Baby Wipes,Personal Care,Palembang,1765152,02-03-23
Indra,Cap Gajah Chalk,Pest Control,Surabaya,1670809,02-03-23
Joko,Stella Sakura,Air Fresheners,Depok,1081806,02-03-23
Hadi,Stella Jeruk,Air Fresheners,Depok,368996,02-03-23
Ahmad,Stella Jeruk,Air Fresheners,Bekasi,918753,02-03-23
Kiki,Stella Jeruk,Air Fresheners,Tangerang,1573305,02-03-23
Indra,Mitu Baby Soap,Personal Care,Bandung,1225136,02-03-23
Gita,21 HIT Anti Mosquito Spray,Pest Control,Medan,3721929,02-03-23
Chandra,Cap Gajah Chalk,Pest Control,Tangerang,4456521,02-03-23
Ahmad,21 HIT Anti Fly Spray,Pest Control,Bekasi,4732817,02-03-23
Ahmad,21 HIT Anti Mosquito Spray,Pest Control,Medan,197634,02-03-23
Made,Stella Sakura,Air Fresheners,Jakarta,3307782,02-03-23
Oki,Mitu Baby Soap,Personal Care,Semarang,1260836,02-03-23
Kiki,Cap Gajah Chalk,Pest Control,Semarang,835485,02-03-23
Kiki,21 HIT Anti Fly Spray,Pest Control,Bandung,1418090,02-03-23
Budi,21 HIT Anti Fly Spray,Pest Control,Surabaya,4821641,02-03-23
Gita,Mitu Baby Wipes,Personal Care,Jakarta,771305,02-04-23
Dewi,21 HIT Anti Fly Spray,Pest Control,Semarang,4543407,02-04-23
Budi,Biosol Disinfectant,Home Care,Makassar,3535119,02-04-23
Hadi,Cap Gajah Chalk,Pest Control,Depok,1028910,02-04-23
Kiki,Stella Sakura,Air Fresheners,Jakarta,942293,02-04-23
Oki,Mitu Baby Wipes,Personal Care,Bandung,3480739,02-04-23
Ahmad,Stella Jeruk,Air Fresheners,Bandung,242604,02-04-23
Joko,21 HIT Anti Fly Spray,Pest Control,Bekasi,3863229,02-04-23
Fajar,21 HIT Anti Mosquito Spray,Pest Control,Depok,2980248,02-04-23
Nina,21 HIT Anti Fly Spray,Pest Control,Makassar,4224478,02-04-23
Joko,21 HIT Anti Fly Spray,Pest Control,Bekasi,4219650,02-04-23
Fajar,Cap Gajah Chalk,Pest Control,Bekasi,3554495,02-04-23
Nina,21 HIT Anti Fly Spray,Pest Control,Bekasi,3982239,02-04-23
Joko,Cap Gajah Chalk,Pest Control,Surabaya,1339560,02-04-23
Hadi,Stella Jeruk,Air Fresheners,Medan,1981934,02-04-23
Gita,Stella Sakura,Air Fresheners,Jakarta,2544966,02-04-23
Kiki,Stella Jeruk,Air Fresheners,Depok,610743,02-04-23
Eka,Stella Sakura,Air Fresheners,Makassar,2554932,02-04-23
Hadi,Mitu Baby Soap,Personal Care,Medan,4309313,02-04-23
Made,21 HIT Anti Fly Spray,Pest Control,Tangerang,386406,02-04-23
Ahmad,Biosol Disinfectant,Home Care,Semarang,4354909,02-04-23
Gita,Stella Sakura,Air Fresheners,Palembang,4988520,02-04-23
Fajar,Mitu Baby Soap,Personal Care,Surabaya,4625184,02-04-23
Eka,Cap Gajah Chalk,Pest Control,Makassar,1608323,02-04-23
Kiki,Cap Gajah Chalk,Pest Control,Tangerang,1681422,02-05-23
Budi,Biosol Disinfectant,Home Care,Tangerang,1171015,02-05-23
Hadi,21 HIT Anti Fly Spray,Pest Control,Depok,251775,02-05-23
Nina,Cap Gajah Chalk,Pest Control,Surabaya,3883066,02-05-23
Hadi,Biosol Disinfectant,Home Care,Medan,2345057,02-05-23
Fajar,Mitu Baby Soap,Personal Care,Medan,4582083,02-05-23
Joko,Stella Jeruk,Air Fresheners,Semarang,4175084,02-05-23
Hadi,Mitu Baby Soap,Personal Care,Bekasi,3740108,02-05-23
Indra,Stella Sakura,Air Fresheners,Makassar,4801945,02-05-23
Lia,Biosol Disinfectant,Home Care,Medan,2232595,02-05-23
Gita,Mitu Baby Soap,Personal Care,Bandung,2089789,02-05-23
Budi,Biosol Disinfectant,Home Care,Bandung,2927717,02-05-23
Kiki,21 HIT Anti Mosquito Spray,Pest Control,Depok,2453353,02-05-23
Joko,Cap Gajah Chalk,Pest Control,Tangerang,2416602,02-05-23
Budi,Biosol Disinfectant,Home Care,Jakarta,828759,02-05-23
Fajar,Mitu Baby Soap,Personal Care,Bekasi,2591946,02-05-23
Made,Stella Jeruk,Air Fresheners,Makassar,3705602,02-05-23
Indra,Stella Sakura,Air Fresheners,Bekasi,2064274,02-05-23
Gita,21 HIT Anti Mosquito Spray,Pest Control,Medan,1087416,02-05-23
Kiki,21 HIT Anti Mosquito Spray,Pest Control,Jakarta,1508850,02-05-23
Made,Biosol Disinfectant,Home Care,Jakarta,2910874,02-05-23
Gita,Stella Jeruk,Air Fresheners,Semarang,2790253,02-05-23
Gita,Mitu Baby Wipes,Personal Care,Bekasi,4790516,02-05-23
Indra,Mitu Baby Soap,Personal Care,Medan,2570304,02-05-23
Ahmad,Stella Jeruk,Air Fresheners,Bandung,2259312,02-06-23
Oki,Stella Sakura,Air Fresheners,Tangerang,4002611,02-06-23
Joko,Mitu Baby Wipes,Personal Care,Medan,3755966,02-06-23
Fajar,Mitu Baby Soap,Personal Care,Medan,1001788,02-06-23
Gita,Stella Sakura,Air Fresheners,Semarang,1692840,02-06-23
Dewi,Mitu Baby Soap,Personal Care,Tangerang,3685989,02-06-23
Lia,Mitu Baby Wipes,Personal Care,Medan,4531673,02-06-23
Chandra,Cap Gajah Chalk,Pest Control,Palembang,4047961,02-06-23
Eka,Biosol Disinfectant,Home Care,Tangerang,3595691,02-06-23
Indra,Mitu Baby Soap,Personal Care,Palembang,3964417,02-06-23
Made,21 HIT Anti Fly Spray,Pest Control,Medan,702028,02-06-23
Gita,Mitu Baby Soap,Personal Care,Semarang,2431250,02-06-23
Oki,Stella Sakura,Air Fresheners,Jakarta,747345,02-06-23
Dewi,21 HIT Anti Fly Spray,Pest Control,Bekasi,160043,02-06-23
Lia,Stella Jeruk,Air Fresheners,Palembang,4225840,02-06-23
Made,Mitu Baby Wipes,Personal Care,Depok,867130,02-06-23
Chandra,Stella Jeruk,Air Fresheners,Medan,4013692,02-06-23
Lia,Mitu Baby Soap,Personal Care,Bekasi,3068074,02-06-23
Eka,21 HIT Anti Fly Spray,Pest Control,Bekasi,3262907,02-06-23
Hadi,Mitu Baby Soap,Personal Care,Jakarta,534175,02-06-23
Eka,Mitu Baby Soap,Personal Care,Tangerang,3227901,02-06-23
Nina,Mitu Baby Wipes,Personal Care,Makassar,4828018,02-06-23
Fajar,Mitu Baby Wipes,Personal Care,Palembang,4701269,02-06-23
Nina,Stella Jeruk,Air Fresheners,Medan,1341642,02-06-23
Fajar,Cap Gajah Chalk,Pest Control,Semarang,4772125,02-07-23
Oki,Stella Jeruk,Air Fresheners,Makassar,2834098,02-07-23
Made,Mitu Baby Wipes,Personal Care,Tangerang,262051,02-07-23
Ahmad,Stella Sakura,Air Fresheners,Makassar,3036530,02-07-23
Fajar,Biosol Disinfectant,Home Care,Tangerang,3137860,02-07-23
Hadi,Biosol Disinfectant,Home Care,Depok,429449,02-07-23
Chandra,21 HIT Anti Mosquito Spray,Pest Control,Bandung,603093,02-07-23
Budi,Biosol Disinfectant,Home Care,Tangerang,1597621,02-07-23
Dewi,Mitu Baby Soap,Personal Care,Depok,1472061,02-07-23
Made,Stella Sakura,Air Fresheners,Bandung,2372092,02-07-23
Indra,Mitu Baby Soap,Personal Care,Palembang,4992490,02-07-23
Lia,Stella Jeruk,Air Fresheners,Semarang,1888862,02-07-23
Gita,Stella Jeruk,Air Fresheners,Makassar,1607227,02-07-23
Gita,Biosol Disinfectant,Home Care,Bekasi,2811455,02-07-23
Nina,Biosol Disinfectant,Home Care,Jakarta,943366,02-07-23
Chandra,Biosol Disinfectant,Home Care,Medan,4092490,02-07-23
Chandra,Biosol Disinfectant,Home Care,Tangerang,2919368,02-07-23
Hadi,Mitu Baby Soap,Personal Care,Makassar,551576,02-07-23
Joko,Mitu Baby Wipes,Personal Care,Tangerang,2704016,02-07-23
Nina,Mitu Baby Wipes,Personal Care,Medan,3576341,02-07-23
Dewi,Mitu Baby Soap,Personal Care,Bekasi,2358136,02-07-23
Oki,Mitu Baby Wipes,Personal Care,Bekasi,3274667,02-07-23
Hadi,21 HIT Anti Fly Spray,Pest Control,Makassar,2021115,02-07-23
Dewi,Stella Sakura,Air Fresheners,Depok,3507470,02-07-23
Eka,Stella Jeruk,Air Fresheners,Surabaya,343271,02-08-23
Kiki,Stella Sakura,Air Fresheners,Bandung,2961526,02-08-23
Gita,Stella Jeruk,Air Fresheners,Palembang,4274985,02-08-23
Nina,Mitu Baby Soap,Personal Care,Depok,464753,02-08-23
Fajar,21 HIT Anti Fly Spray,Pest Control,Surabaya,2183847,02-08-23
Budi,Stella Sakura,Air Fresheners,Tangerang,502898,02-08-23
Kiki,Stella Jeruk,Air Fresheners,Semarang,3697134,02-08-23
Chandra,21 HIT Anti Fly Spray,Pest Control,Surabaya,4024635,02-08-23
Kiki,Mitu Baby Soap,Personal Care,Bekasi,3782214,02-08-23
Chandra,21 HIT Anti Fly Spray,Pest Control,Tangerang,2202418,02-08-23
Joko,21 HIT Anti Mosquito Spray,Pest Control,Medan,4539089,02-08-23
Chandra,Stella Sakura,Air Fresheners,Bekasi,4722931,02-08-23
Fajar,Stella Sakura,Air Fresheners,Bekasi,1051604,02-08-23
Ahmad,Cap Gajah Chalk,Pest Control,Depok,3095363,02-08-23
Dewi,Stella Jeruk,Air Fresheners,Bandung,855053,02-08-23
Nina,Mitu Baby Soap,Personal Care,Semarang,2994026,02-08-23
Fajar,Mitu Baby Soap,Personal Care,Makassar,834214,02-08-23
Ahmad,Biosol Disinfectant,Home Care,Palembang,2655766,02-08-23
Eka,21 HIT Anti Fly Spray,Pest Control,Bandung,4173916,02-08-23
Eka,Mitu Baby Soap,Personal Care,Bandung,2052602,02-08-23
Oki,Cap Gajah Chalk,Pest Control,Palembang,4553609,02-08-23
Chandra,Stella Sakura,Air Fresheners,Palembang,210354,02-08-23
Fajar,Cap Gajah Chalk,Pest Control,Jakarta,537490,02-08-23
Joko,Mitu Baby Soap,Personal Care,Palembang,655670,02-08-23
Hadi,Mitu Baby Soap,Personal Care,Medan,835633,02-09-23
Lia,21 HIT Anti Fly Spray,Pest Control,Bekasi,3414559,02-09-23
Fajar,Cap Gajah Chalk,Pest Control,Semarang,4227976,02-09-23
Lia,Cap Gajah Chalk,Pest Control,Surabaya,923202,02-09-23
Gita,Stella Sakura,Air Fresheners,Palembang,2429336,02-09-23
Kiki,Stella Sakura,Air Fresheners,Bekasi,735072,02-09-23
Fajar,Stella Jeruk,Air Fresheners,Bandung,3766137,02-09-23
Kiki,Mitu Baby Soap,Personal Care,Bandung,3934768,02-09-23
Budi,Cap Gajah Chalk,Pest Control,Surabaya,1757712,02-09-23
Nina,21 HIT Anti Mosquito Spray,Pest Control,Jakarta,2436336,02-09-23
Dewi,Cap Gajah Chalk,Pest Control,Bekasi,4334567,02-09-23
Kiki,21 HIT Anti Mosquito Spray,Pest Control,Depok,4919399,02-09-23
Kiki,Biosol Disinfectant,Home Care,Bekasi,2781057,02-09-23
Nina,Cap Gajah Chalk,Pest Control,Medan,3576761,02-09-23
Kiki,Stella Jeruk,Air Fresheners,Jakarta,4549232,02-09-23
Eka,21 HIT Anti Fly Spray,Pest Control,Surabaya,3348314,02-09-23
Budi,Mitu Baby Wipes,Personal Care,Makassar,3337484,02-09-23
Kiki,Stella Jeruk,Air Fresheners,Bandung,3566074,02-09-23
Fajar,Stella Sakura,Air Fresheners,Surabaya,2232076,02-09-23
Lia,Mitu Baby Wipes,Personal Care,Bandung,3588003,02-09-23
Dewi,Biosol Disinfectant,Home Care,Medan,2381699,02-09-23
Dewi,Biosol Disinfectant,Home Care,Jakarta,4230615,02-09-23
Joko,21 HIT Anti Mosquito Spray,Pest Control,Jakarta,4043537,02-09-23
Oki,Cap Gajah Chalk,Pest Control,Bekasi,2781566,02-09-23
Chandra,Stella Jeruk,Air Fresheners,Surabaya,4222662,02-10-23
Chandra,Stella Sakura,Air Fresheners,Palembang,4242352,02-10-23
Kiki,Cap Gajah Chalk,Pest Control,Tangerang,1712655,02-10-23
Hadi,21 HIT Anti Fly Spray,Pest Control,Palembang,2461046,02-10-23
Ahmad,Cap Gajah Chalk,Pest Control,Semarang,722925,02-10-23
Lia,Cap Gajah Chalk,Pest Control,Palembang,2046745,02-10-23
Eka,Stella Jeruk,Air Fresheners,Bandung,2602741,02-10-23
Hadi,Mitu Baby Wipes,Personal Care,Bekasi,761004,02-10-23
Dewi,21 HIT Anti Fly Spray,Pest Control,Tangerang,1270631,02-10-23
Fajar,Mitu Baby Soap,Personal Care,Medan,3286155,02-10-23
Lia,Stella Sakura,Air Fresheners,Medan,3024806,02-10-23
Made,Cap Gajah Chalk,Pest Control,Tangerang,3283853,02-10-23
Kiki,21 HIT Anti Mosquito Spray,Pest Control,Depok,604653,02-10-23
Fajar,Stella Sakura,Air Fresheners,Surabaya,3968424,02-10-23
Ahmad,Mitu Baby Soap,Personal Care,Depok,2601338,02-10-23
Fajar,Stella Jeruk,Air Fresheners,Bandung,4682398,02-10-23
Indra,Biosol Disinfectant,Home Care,Tangerang,153698,02-10-23
Lia,Biosol Disinfectant,Home Care,Medan,1539042,02-10-23
Chandra,Cap Gajah Chalk,Pest Control,Bekasi,1274109,02-10-23
Nina,Cap Gajah Chalk,Pest Control,Surabaya,2112234,02-10-23
Chandra,21 HIT Anti Fly Spray,Pest Control,Tangerang,3525742,02-10-23
Chandra,Cap Gajah Chalk,Pest Control,Medan,2633368,02-10-23
Chandra,Mitu Baby Wipes,Personal Care,Palembang,2398956,02-10-23
Joko,Mitu Baby Soap,Personal Care,Jakarta,2518611,02-10-23
Ahmad,21 HIT Anti Fly Spray,Pest Control,Makassar,3845176,02-11-23
Chandra,Mitu Baby Soap,Personal Care,Bandung,633850,02-11-23
Hadi,Biosol Disinfectant,Home Care,Makassar,177699,02-11-23
Indra,Stella Sakura,Air Fresheners,Jakarta,2630503,02-11-23
Ahmad,Mitu Baby Wipes,Personal Care,Surabaya,1961832,02-11-23
Hadi,Mitu Baby Soap,Personal Care,Semarang,1003283,02-11-23
Made,Mitu Baby Soap,Personal Care,Palembang,4945986,02-11-23
Indra,Biosol Disinfectant,Home Care,Tangerang,4054767,02-11-23
Kiki,Biosol Disinfectant,Home Care,Tangerang,3164231,02-11-23
Gita,Biosol Disinfectant,Home Care,Bandung,2516096,02-11-23
Kiki,Stella Sakura,Air Fresheners,Bekasi,4990423,02-11-23
Nina,Biosol Disinfectant,Home Care,Semarang,1844796,02-11-23
Budi,Stella Jeruk,Air Fresheners,Bekasi,3508937,02-11-23
Joko,21 HIT Anti Fly Spray,Pest Control,Surabaya,1882748,02-11-23
Gita,Mitu Baby Wipes,Personal Care,Tangerang,2094493,02-11-23
Budi,Cap Gajah Chalk,Pest Control,Medan,3716212,02-11-23